"Menu","Category","Sub-category","Order","Page name","Data source","Page key","What this page records and what users do with it"
"deep","Command Center","Alerts & Watchdog","1","Inventory Alerts","v_inventory_alerts","inventory_alerts","Every discrepancy the watch agent has found and nobody has fixed yet. Swept twice a day. An alert clears itself the moment the underlying problem is gone, so this list is never stale."
"deep","Command Center","Alerts & Watchdog","2","Watchdog — Latest Sweep","v_watchdog_current","watchdog_current","What the watchdog found on its most recent sweep, with the what, where, who is accountable, when it started, why it matters, how it was detected, what to do, and the arithmetic behind every figure."
"deep","Command Center","Alerts & Watchdog","3","Watchdog — Full Forensic Log","v_watchdog_log","watchdog_log","Every finding the watchdog has ever recorded, permanently. Append-only: nothing here can be edited or deleted, by anyone. Each row carries the full evidence as it stood at that moment, so a finding from months ago can be reproduced exactly."
"deep","Command Center","Alerts & Watchdog","4","Watchdog — Issue Timeline","v_watchdog_timeline","watchdog_timeline","Each issue across time: when it first appeared, how many sweeps it has survived, how many days it has persisted, who is accountable, and whether it is still open or has resolved itself."
"deep","Command Center","Alerts & Watchdog","5","Watchdog — Sweep History","v_watchdog_runs","watchdog_runs","Every sweep the watchdog has run: when, how long it took, how many findings it raised and the pounds and dollars flagged. Proof the monitoring actually ran."
"deep","Command Center","Alerts & Watchdog","6","Alert History","v_inventory_alert_history","inventory_alert_history","Every alert ever raised, when, how long it took to clear and how it was resolved. Permanent record for audit."
"deep","Command Center","Decisions Waiting","2","Allocation Queue","v_allocation_queue","allocation_queue","Every allocation request and where it stands. Nothing moves until it is approved. Denials require a written reason of twenty characters or more, enforced by the database."
"deep","Command Center","Decisions Waiting","3","Material With No Allocation","v_unrequested_material","unrequested_material","Material on hand with no approved allocation at all. This is the live exposure against the rule that nothing moves without approval."
"deep","Command Center","Decisions Waiting","4","Agent Recommendations","v_ceo_recommendations","ceo_recommendations","Every recommendation the watching agents have made, ranked by dollars at stake then severity, each naming the exact action to take."
"deep","Command Center","Decisions Waiting","5","Finding History & Plans","v_finding_history","finding_history","Every finding ever saved with the plan written for it, who it was assigned to, when it was due, the decision taken and by whom - including anything deliberately ignored and the reason. Searchable by date, filterable, and preserved exactly as it stood so it can be pulled back years later."
"deep","Command Center","Inventory Position","2","Stock Detail","v_stock_packages","stock_on_hand","Every package on hand as its own row with its Metrc tag, so any row can be traced. Shows stream, origin, who made it, supplier and inbound manifest, licence, location, testing state, quantity, days on hand, source harvest, what it was made from, and — where a trace is impossible — the reason why."
"deep","Command Center","Inventory Position","3","Grown vs Bought In","v_own_vs_bought","own_vs_bought","Every stream split by where it came from: grown by us, bought in from another licence, or origin not recorded. Nothing we grew is ever blended with anything we purchased."
"deep","Command Center","Inventory Position","4","True Production Position","v_production_true_position","production_true_position","Every stream in like-for-like dry-equivalent pounds, split by grown versus bought in, so nothing is double counted and nothing is overstated."
"deep","Command Center","Inventory Position","5","Fresh Frozen in Dry-Equivalent","v_fresh_frozen_equiv","fresh_frozen_equiv","Every fresh frozen package converted to the dried-flower pounds it actually represents, with the arithmetic shown on each row. Fresh frozen holds its water; only the dry-equivalent may be compared with dried flower."
"deep","Command Center","Inventory Position","6","Limit Status","v_storage_limit_status","storage_limit_status","Live position against every limit, with a plain verdict: within limits, approaching, over, or no limit set yet."
"deep","Command Center","Inventory Position","7","Moisture & Mass Balance","v_moisture_accounting","moisture_accounting","Every harvest reconciled: wet weight equals packaged plus recorded waste plus evaporated moisture. Proves nothing is missing, and flags any harvest that disagrees with the Metrc current weight."
"deep","Command Center","Laboratory & Quality","1","Laboratory Results (all tests)","v_lab_results","lab_results","Every package and its laboratory result: pass, fail, awaiting or never submitted, when it was submitted, when the result came back, how many days the laboratory took, when the certificate expires, whether we grew it or bought it, and from which supplier. NOTE: individual analyte values such as THC and terpene percentages are NOT available through the Massachusetts Metrc API - that endpoint returns an error for this state. Those come from the Certificate of Analysis document, linked on every row."
"deep","Command Center","Laboratory & Quality","2","Laboratory Turnaround","v_lab_turnaround_summary","lab_turnaround_summary","By product category: how many passed, failed, are still awaiting a result or were never submitted, the fail rate, and how long the laboratory takes on average and at worst."
"deep","Command Center","Laboratory & Quality","3","Fail Rate by Supplier","v_lab_fail_rate_by_origin","lab_fail_rate_by_origin","Fail rate and failed pounds by origin and supplier, so a supplier sending material that fails can be identified and charged back."
"deep","Command Center","Laboratory & Quality","4","Failed Testing — Ours or Theirs","v_failed_testing_by_origin","failed_testing_by_origin","Every failed package attributed. Material we grew is our loss and a process problem. Material we bought in is a supplier chargeback and must not be written off until the supplier has been approached."
"deep","Command Center","Laboratory & Quality","5","Issue Attribution","v_issue_attribution_summary","issue_attribution_summary","Every category of problem split between what we grew and what we bought in, with the dollars that are potentially recoverable from suppliers named separately from what is genuinely our loss."
"deep","Command Center","Loss & Accountability","1","Real Loss","v_real_loss_v2","real_loss_v2","Only losses that are genuinely losses, each with its confidence, the arithmetic used, and a drill into the records. Evaporated moisture, routine trim waste and variance against the company average are all deliberately excluded and the reason is stated."
"deep","Command Center","Loss & Accountability","2","Leadership Accountability","v_leadership_accountability","leadership_accountability","The people this board exists to monitor: every team member ranked by loaded annual cost, with their position, department, the violations in their area, their area conversion percentage, missing weight reports, blocked rooms, and a plain accountability note."
"deep","Command Center","Loss & Accountability","3","Cost Versus Output by Department","v_leadership_cost_vs_output","leadership_cost_output","Each department: headcount, weekly and annual loaded payroll cost, who the highest paid people are, saleable pounds produced in the last ninety days, and the labour cost per saleable pound."
"deep","Command Center","Loss & Accountability","4","Forensic Audit (latest)","v_forensic_audit_latest","forensic_audit","The full forensic audit: every measured metric with who is responsible, the verdict, the evidence behind it, and whether it improved or got worse since the last audit. Failures are listed first."
"deep","Command Center","Loss & Accountability","5","Forensic Audit History","v_forensic_audit_history","forensic_audit_history","Every audit ever run: date, how many metrics failed, how many were clean, the dollars identified and which sections failed - the permanent record that cannot be revised."
"deep","Command Center","Loss & Accountability","6","Finding Accountability","v_finding_accountability","finding_accountability","How findings are being handled: how many are open, planned, saved, on the to-do list, resolved or ignored, the dollars behind each state, and how many are past their due date."
"deep","Command Center","Overview","2","Inventory Position","v_tower_inventory_grouped","tower_inventory","The whole inventory position at a glance: every stream, grown versus bought in, testing state, ageing, and every control awaiting a decision. Each line drills into the records behind it."
"deep","Command Center","Third Party","1","Third Party Stock","v_third_party_stock","third_party_stock","Every pound bought in from another licence, by supplier, with what it is, where it is held, its testing state and how long it has been sitting."
"deep","Command Center","Third Party","2","Third Party — Receipt to Sale Clock","v_third_party_lifecycle","third_party_lifecycle","Every purchased package from the inbound manifest that brought it in, through testing and processing, to the outbound manifest that sold it. Days at every stage, what it became, recovery percentage, and whether it is still sitting."
"deep","Command Center","Third Party","3","Third Party — Cycle Time by Supplier","v_third_party_cycle_time","third_party_cycle_time","By supplier: how long material takes from arriving to being tested, processed and sold, average recovery, and how much is still sitting untouched."
"deep","Command Center","Third Party","4","Third Party — Receipt to Sale","v_third_party_chain","third_party_chain","Every purchased package from the moment it arrived: supplier, inbound manifest, received date, quantity in, quantity left, how much has been drawn, what it became, its testing state and how long it has been sitting."
"deep","Command Center","Third Party","5","Third Party — What It Became","v_third_party_downstream","third_party_downstream","Purchased material traced forward into the vapes, pre-rolls and concentrates made from it, with the child package tag, quantity and testing state."
"deep","Command Center","Third Party","6","Remediation Yield","v_remediation_yield","remediation_yield","Material bought for remediation traced through to what came out: how much went in, what it became, the recovery percentage, and whether the output passed testing."
"deep","Cultivation","Discipline & Alerts","1","Cycle Enforcement","v_harvest_enforcement","harvest_enforce","Live policing of the 8-week cycle: 56-day room cycles, 13-15 day facility cadence, overdue weight reporting, overlaps."
"deep","Cultivation","Discipline & Alerts","2","Schedule Discipline","v_schedule_discipline","schedule_discipline","The single number that matters: how many schedule violations, how many acceptable early finishes, the violation rate, the average and worst days late, and how many upcoming events land on a weekend and need a crew planned."
"deep","Cultivation","Discipline & Alerts","3","Schedule Compliance (pulls & drying)","v_schedule_compliance","schedule_compliance","Every scheduled pull and every drying batch against the every-other-week timeline: scheduled date, what actually happened, days off schedule, and whether it was on schedule, late, missed entirely, or has blown the drying deadline."
"deep","Cultivation","Discipline & Alerts","4","Schedule Scorecard","v_schedule_scorecard","schedule_scorecard","The honest count: how many pulls and dries were on schedule, late, missed or early, the percentage on schedule, and the average number of days late."
"deep","Cultivation","Discipline & Alerts","5","Late Violations (zero tolerance)","v_late_violations","late_violations","The hard rule enforced: a pull or dry may run EARLY but never late. Every late or missed event is listed as a violation with how many days it slipped and why it matters to the next cycle."
"deep","Cultivation","Discipline & Alerts","6","Harvest Alerts","v_harvest_alerts","harvest_alerts","Live alerts against the harvest plan: drying past target or limit, weights not reported, curing beyond plan, waste above limit, yield below floor, and planned pulls that never happened."
"deep","Cultivation","Discipline & Alerts","7","Harvest Alert Rules","harvest_alert_rules","harvest_alert_rules","The thresholds behind every harvest alert - dry target and limit, reporting deadline, waste ceiling, yield floor, overdue pull tolerance. Change a number here and the alerts change immediately."
"deep","Cultivation","Harvests","2","Harvest Stage Map","v_harvest_stage_map","harvest_stage_map","Every harvest and exactly where it stands right now: room, days since takedown, drying or curing or packaging, wet and waste and packaged weights, waste percentage, yield percentage, laboratory state, and packages produced."
"deep","Cultivation","Harvests","3","Harvest Detail by Cultivar","harvest_pull_details","harvest_detail","Per-cultivar projections for every pull: g/sqft, plants, fresh-frozen split, dry targets."
"deep","Cultivation","Harvests","4","Harvest Lifecycle & Deadlines","v_harvest_lifecycle","harvest_lifecycle","Every harvest milestone by milestone: planned pull date versus actual takedown and how many days late, plants against plan, day count in drying with the target and deadline dates, whether weights were reported and how late, waste and yield against projection, packages made, the allocation chain from requester to approver, what shipped, and a plain verdict naming anything blocking a room or missing weights."
"deep","Cultivation","Harvests","5","Harvest Lineage","v_harvest_lineage_summary","harvest_lineage","One line per harvest showing its whole life: room, stage, plants, wet and waste and packaged weight, waste and yield percentages, packages made, packages that passed testing, packages shipped, and quantity still on hand."
"deep","Cultivation","Harvests","6","Seed to Sale Chain","v_seed_to_sale_chain","seed_to_sale_chain","Harvest through package through laboratory result through transfer to the customer - the whole chain on one line per package."
"deep","Cultivation","Rooms & Plants","5","Room Yield Planner","v_room_yield","room_yield","Live per-room yield math from the harvest calendar: g/sqft averages and bests, projected pounds, fresh-frozen splits, and cycle/cadence violations - the tool for squeezing every room to its fullest."
"deep","Cultivation","Rooms & Plants","6","Supply Forecast","v_production_forecast","plan_production","Cultivation planning: monthly forward flower supply computed live from the harvest calendar - events, plants, projected pounds, fresh-frozen splits by availability month."
"deep","Cultivation","Schedule & Calendar","4","Harvest SOP - 2-Day Plan","harvest_sop_steps","harvest_sop","Hour-by-hour 2-day harvest and replant operation: roles, goals, completion checks."
"deep","Cultivation","Schedule & Calendar","6","Weekend Watch","v_weekend_watch","weekend_watch","Every scheduled pull and drying deadline that lands on a Saturday or Sunday, with how many days away it is and a direct instruction to plan a weekend crew or second shift before it becomes late."
"deep","Cultivation","Yield & Performance","1","Plan vs Actual (Metrc)","v_harvest_reconciliation","harvest_recon","Every scheduled harvest reconciled against what Metrc actually recorded: wet weight vs projection, waste, packages, restored weight - past events with no Metrc record flag MISSING IN METRC, unplanned Metrc harvests flag the reverse. Destroyed/waste detail deepens with worker v12."
"deep","Cultivation","Yield & Performance","2","Plan vs Actual Harvests","v_harvest_plan_vs_actual","harvest_plan_actual","Every planned pull against what Metrc actually recorded: planned versus actual plants and pounds, timing variance, packaged and waste weight, and pulls that never happened."
"deep","Cultivation","Yield & Performance","3","Yield Versus Industry","v_yield_versus_industry","yield_versus_industry","Our conversion, grams per plant and plants per saleable pound each month measured against state-of-the-art indoor industry bands and our own best month, with a verdict, a plain English explanation, and what the gap is worth in dollars."
"deep","Cultivation","Yield & Performance","4","Loss & Destruction Ledger","v_loss_ledger","loss_ledger","Every recorded loss with its reason: harvest waste, package adjustments, and failed laboratory tests, with room, date, and amount."
"deep","Cultivation","Yield & Performance","5","Loss Analysis - the why","v_loss_analysis","loss_analysis","Why material is being lost: waste and yield percentages by room, strain and month, how far each runs from the company average, a verdict naming anything severe or high, and the estimated margin lost."
"deep","Cultivation","Yield & Performance","6","Loss Ranking (worst first)","v_loss_ranking","loss_ranking","The short answer: which rooms and which strains lose the most material all time, ranked worst first, with pounds wasted and the verdict."
"deep","Inventory","Allocation Control","3","Awaiting Allocation Approval","v_awaiting_allocation","awaiting_allocation","Everything in production with no approved allocation: awaiting approval, denied, or never requested - ranked by how long it has been sitting."
"deep","Inventory","Custody & Reconciliation","1","Custody & Compliance Check","v_custody_compliance","custody_compliance","The Cannabis Control Commission custody proof: for every category of tracked inventory, how many items have a known location, how many do not, and the quantity at risk. This is the report that proves seed to sale custody."
"deep","Inventory","Custody & Reconciliation","2","Custody Red Flags","v_custody_alerts","custody_alerts","Live chain of custody red flags: lineage breaks, holds, failed testing left in inventory, unexplained quantity loss, transfers never received, investigations, unlocated items, and stale Metrc data."
"deep","Inventory","Custody & Reconciliation","3","Custody Alert History","custody_alert_log","custody_alert_log","Every custody red flag ever raised, when it was raised, and when it cleared - the permanent audit record a regulator would ask for."
"deep","Inventory","Custody & Reconciliation","4","In Stock vs Sold vs Missing","v_inventory_reconciliation","inventory_reconciliation","Per item: how much was packaged originally, how much is in stock and sellable, on hold, in transit, closed or sold, failed testing, and anything reduced with no recorded reason - the unaccounted column."
"deep","Inventory","Custody & Reconciliation","5","Sheet vs Metrc Check","v_fg_metrc_check","fg_metrc_check","Every finished-goods sheet row cross-checked against synced Metrc packages by tag: rows whose tag is missing from Metrc, packages Metrc calls finished that the sheet still lists, quantity side-by-side. The spreadsheet says what the crew recorded; Metrc says what the state believes; this screen shows where they disagree."
"deep","Inventory","Custody & Reconciliation","6","Inventory Aging & Action","v_inventory_aging","inventory_aging","Everything that has sat too long, with the action to take: past the dry limit, waiting on a laboratory, failed testing, on hold, or cash sitting on the shelf more than 60 and 90 days."
"deep","Inventory","Purchasing & Third Party","1","3rd Party Material","third_party_material","third_party","Third-party material on site: company, Metrc tag, product, weights, vault location, and physical inventory confirmations."
"deep","Inventory","Purchasing & Third Party","2","Third-Party Purchases","third_party_purchases","third_party_purchases","Trim, flower, concentrate and any other material bought from a third party: vendor, quantity, cost, Certificate of Analysis, manifest, location, intended use and status - each one enters the production tracker and needs an approved allocation like anything grown."
"deep","Inventory","Purchasing & Third Party","4","Material Purchases & Aging","v_material_aging","materials","Everything we buy - trim, flower, concentrates, packaging: purchase and received dates, landed cost, allocation, days purchase-to-production/sale/cash, ROI, and CAPITAL TIED UP alerts when unallocated material sits past the admin-set threshold. Exact Sheet-13 math."
"deep","Inventory","Stock & Location","3","Inventory Summary","v_inventory_summary","inv_summary","Weekly-style roll-up per batch: ending units and cases, LOW flags against Config thresholds, expiring-within-30-days flags, and possible cases from bulk plus filled."
"deep","Inventory","Stock & Location","6","Batch Genealogy","custom screen","genealogy","Seed-to-sale trace: harvest → lot → work order → test → shipment, one click."
"deep","Inventory","Stock & Location","7","Production Tracker (everything)","v_production_tracker","production_tracker","Every material in the company seed to sale: seeds and clones, living plants, harvest lots, trim, bulk and fresh frozen flower, concentrates, vapes, pre-rolls, packaged flower, and everything bought from a third party - with where it sits, its stage, how long it has been in the system, its cost where purchased, its Certificate of Analysis, and whether its allocation has been approved and by whom."
"deep","Inventory","Value & Margin","1","Inventory Value","v_inventory_value","inv_value","Live inventory valuation using the company's own per-unit values and formulas, with 0-90 / 91-180 / 181-270 / 271+ day aging buckets."
"deep","Inventory","Value & Margin","2","Margin by Route","v_route_margin","route_margin","What every gram earns by product route: contribution per unit, gross margin percentage, margin per input gram, and open demand still uncovered - ranked highest earning first."
"deep","Inventory","Value & Margin","3","Product Economics","product_economics","product_economics","The inputs behind every margin: grams per unit, sell price, packaging, labor, other cost, yield percentage, and cycle days per product route."
"deep","Inventory","Value & Margin","4","Demand Signals","demand_signals","demand_signals","What the market is asking for by product route and period, and how much of it is already committed."
"deep","Inventory","Value & Margin","5","Product & SKU Targets","portfolio_targets","plan_products","Portfolio planning: target active SKUs and minimum units per category, gap-checked against live SKU actuals."
"deep","Metrc","Reference Data","1","Reference: Units of Measure","metrc_units_of_measure","metrc_uom","Every unit of measure Metrc recognises, with its abbreviation and quantity type."
"deep","Metrc","Reference Data","2","Reference: Metrc Employees","metrc_employees","metrc_employees","Every employee registered on the Metrc licence, with their state employee licence number."
"deep","Metrc","Reference Data","3","Reference: Item Categories","metrc_item_categories","metrc_item_categories","Every product category Metrc allows, whether it is weight or count based, and whether it requires a strain."
"deep","Metrc","Reference Data","4","Reference: Laboratory Test Types","metrc_lab_test_types","metrc_lab_types","Every laboratory test Metrc defines, and whether each requires a result or is informational only."
"deep","Metrc","Reference Data","5","Reference: Waste Types","metrc_waste_types","metrc_waste_types","Every waste reason code Metrc accepts when recording harvest waste."
"deep","Quality","Testing","3","Testing SLA Matrix","v_testing_sla_matrix","testing_sla","Real laboratory rules by product family and batch-size tier - test type, sample quantity, prep hours, lab, and lead days. Testing & Release scheduling uses the matching lead time so large batches never get promised on unrealistic turnaround. Exact planner-sheet columns."
"deep","Quality","Testing","4","Failed Product — Full Provenance","v_failed_provenance","failed_provenance","Every failed package traced end to end: who made or grew it and under which licence, ours or third party, the source harvest and the date it was cut, the room it dried in, when the package was created, who shipped it and on what manifest, when it was submitted for testing, when the result came back, how long the laboratory took, and when the certificate expires."
"deep","Quality","Testing","5","Failed Product by Maker","v_failed_by_maker","failed_by_maker","Failed product grouped by who made it: packages, pounds, value at cost, strains and categories, and the earliest and latest harvest and creation dates."
"finance","Finance","Cash & Cost","1","Cash & Overhead","cash_snapshots","cash","Weekly cash truth, overhead register, runway."
"finance","Finance","Cash & Cost","2","Invoices & AR","invoices","invoices","Invoices, aging, collections — delivery triggers the cash workflow."
"finance","Finance","Cash & Cost","3","Overhead & Outlook","overhead_items","overhead","Committed overhead, break-even, cash runway — with 280E classification."
"finance","Finance","Cash & Cost","4","Cost Model (per pound)","cost_model","cost_model","The cost to grow a pound, effective dated: total per pound plus the labour, utilities, nutrients and supplies, packaging and overhead components. Change it here and every cost and loss figure in the operating system updates."
"finance","Finance","Cash & Cost","5","True Cost Per Pound","v_true_cost_per_pound","true_cost_per_pound","How cost per pound is actually calculated: month by month, plants harvested, wet pounds, saleable pounds, the wet to saleable conversion, plants per saleable pound and grams per plant. Normal trim waste is already inside the cost per pound figure and is deliberately not charged again."
"finance","Finance","Cash & Cost","6","Harvest Economics","v_harvest_economics","harvest_economics","Per harvest: what it cost to grow, what was lost to waste in dollars, and the true cost per saleable pound after waste and yield are taken into account."
"finance","Finance","Costs & Loss","4","Actual Cost Per Pound — from real payroll","v_actual_cost_per_pound","actual_cost_per_pound","Cost per saleable pound computed from the recorded payroll and recorded overhead divided by the pounds actually packaged, set beside the assumed figure so the gap between them is visible. States exactly which cost lines are missing so a floor is never mistaken for a total."
"finance","Finance","Dashboard","0","Finance Dashboard","v_department_dashboard","dept_dash_sales","The money view: genuine loss, value of stock on hand, and the value locked up in failed and untested product."
"finance","Finance","Loss","1","Cost of Loss","v_cost_of_loss","cost_of_loss","What waste actually costs in dollars by room and strain, and how much of that is excess above the company average - the real price of the worst performing rooms."
"finance","Finance","Loss","2","Real Loss (not trim waste)","v_real_loss","real_loss","What is genuinely lost: plants retired without producing a harvest, harvests that converted far below the company average, packaged product that failed testing, and scheduled pulls that never happened. Routine stem and fan leaf waste is excluded because it is already inside the cost per pound."
"finance","Finance","Loss","3","Real Loss Summary","v_real_loss_summary","real_loss_summary","Each kind of genuine loss with how often it happened, the pounds affected and what that represents at target cost - the number that actually belongs on a profit and loss discussion."
"finance","Finance","Orders & Customers","1","Orders","sales_orders","orders","Firm orders and forecasts — no off-system promises."
"finance","Finance","Orders & Customers","2","Customers","customers","customers","The customer book: licenses, terms, credit limits - with notes (orders, terms, complaints, opportunities) behind each account for the sales director."
"finance","Finance","Orders & Customers","3","Shipping","shipments","shipping","Manifested shipments, OTIF, chain of custody."
"finance","Finance","Orders & Customers","4","Customer History","v_customer_history","customer_history","Every customer: manifests, packages bought, first and last order, days since their last order, and unconfirmed manifests."
"finance","Finance","Orders & Customers","5","Customer Manifests & Documents","v_customer_manifests","customer_manifests","Every manifest sent to a customer with both documents attached: the manifest download link from Metrc and the Certificate of Analysis links for the packages that travelled on it, plus transporter, driver, vehicle, products shipped, and whether the customer confirmed receipt."
"finance","Finance","Planning & Forecast","1","S&OP & Demand","custom screen","sop","The monthly executive plan: demand, production, inventory, revenue, decisions."
"finance","Finance","Planning & Forecast","2","Demand Forecast","demand_forecasts","plan_demand","13-week rolling demand per product family and SKU - units and revenue, feeding S&OP and the production plan."
"finance","Finance","Sales History","1","Sales History (every manifest)","v_sales_history","sales_history","Every outbound manifest as a sale: date, manifest number, customer and their license, packages sent and confirmed received, delivery status, and a link to the manifest in Metrc."
"finance","Finance","Sales History","2","Sales History by Month","v_sales_history_monthly","sales_monthly","Month by month: manifests sent, how many customers, packages sold and confirmed, manifests still unconfirmed, and the customer list."
"hr","Human Resources","Dashboard","0","Human Resources Dashboard","v_department_dashboard","dept_dash_hr","Roster, shifts scheduled, departments and the stock the payroll is carried against. Every tile drills into the records."
"hr","Human Resources","Payroll & Budget","1","Payroll","employee_rates","payroll","Per-employee actual rates rolling up to true labor cost."
"hr","Human Resources","Payroll & Budget","2","Payroll Forecast","v_payroll_forecast","plan_payroll","Forward weekly and annualized labor cost per employee at actual effective-dated rates - identical OT and burden math to actual payroll."
"hr","Human Resources","Payroll & Budget","3","Labor Budgets","labor_budgets","labor_budgets","Weekly budgeted hours and cost per department against actuals from time and attendance at real per-employee rates."
"hr","Human Resources","Payroll & Budget","4","Staffing & Hiring Plan","hiring_plan","plan_hiring","Position plan: seats needed vs filled per role and department, target start dates and rates - the forward staffing picture."
"hr","Human Resources","People","1","Employees","employees","people","Roster, roles, tiers, per-employee rates — effective-dated, audited."
"hr","Human Resources","People","2","Wage Bands & Roles","roles_catalog","wage_bands","Role catalog and planned rates for open seats — per-employee actuals rule."
"hr","Human Resources","Time & Scheduling","1","Scheduling & Zones","employee_schedules","emp_schedule","Per-employee daily schedule: department, zone, shift times, and exception status (late, called out, no-show)."
"hr","Human Resources","Time & Scheduling","2","Work Schedules","v_employee_capacity","work_schedules","Standing work schedule per employee - workweek days, hours, and weekly capacity, with the company default as fallback. Feeds workload planning, the Planner, and payroll targets. Part of each CCC employee file."
"hr","Human Resources","Time & Scheduling","3","Time & Attendance","time_entries","time","Punches, productive hours, OT — feeding real payroll accrual."
"launcher","Workspace","Dashboard","0","Workspace Dashboard","v_department_dashboard","dept_dash_workspace","What is waiting on people: open questions, watchdog findings and go-live items."
"launcher","Workspace","Imported from ClickUp","1","ClickUp Tasks (Imported)","clickup_tasks","clickup_tasks","Every task pulled from the company ClickUp workspace - statuses, assignees, dates, tags, and the complete raw payload."
"launcher","Workspace","Imported from ClickUp","2","ClickUp Lists (Imported)","clickup_lists","clickup_lists","Every space, folder, and list from the company ClickUp workspace."
"launcher","Workspace","People & Spaces","1","Teams","custom screen","teams","The Teams Hub: every department as a living team with real members from the roster, plus custom cross-department teams - assign to tasks, mention, and route work once the Work Layer lands."
"launcher","Workspace","People & Spaces","2","Spaces","spaces","spaces","Work containers, pre-built for TG: one per department plus Company - each with its own pipeline statuses from the workspace preset. Tasks, docs, and boards file into spaces; sharing and required views ride the permissions layer."
"launcher","Workspace","People & Spaces","3","Messages","custom screen","messages","Real-time company chat: channels per department plus general, append-only history, send from anywhere. Threads, reactions, attachments, and DMs grow in with the Work Layer."
"launcher","Workspace","People & Spaces","4","Whiteboards","custom screen","whiteboards","Sketch it out: named boards with pen drawing and sticky notes, private or shared, saved to the database. Live multi-user cursors arrive with the Work Layer."
"launcher","Workspace","Tools","1","Template Center","templates","templates","Only our industry, only our company: 24 cannabis-native templates across Financial, Planning, Inventory, Production, Sales, Marketing, Compliance, and HR - searchable and filterable. Quick Use instantiation into live tasks arrives with the Work Layer."
"launcher","Workspace","Tools","2","Intake Forms","forms","forms","Build simple forms that anyone can fill out from a shared link, and review every answer that comes back."
"launcher","Workspace","Tools","3","Saved Views","saved_views","saved_views","Shared and private saved views that decide which columns, grouping and filters each collection opens with."
"launcher","Workspace","Work","1","Tasks & Boards","custom screen","tasks","Real tasks: statuses, priorities, roster assignees, due dates, tags - grouped by status with one-click advance. Board/calendar views, subtasks, and automations grow in with the Work Layer."
"launcher","Workspace","Work","2","Timeline & Dependencies","v_task_timeline","task_timeline","Shows every task on a timeline with its start date, due date, length in days, the tasks it is waiting on, and a warning when work is blocked or scheduled too early."
"launcher","Workspace","Work","3","Workload & Capacity","v_task_workload","task_workload","Shows how many open tasks each employee has due on each day, how many of those are high priority, and flags any day that is heavy or overloaded."
"launcher","Workspace","Work","4","Recurring Tasks","v_recurring_tasks","recurring_tasks","Tasks that repeat on a schedule, showing how often each one repeats and when the next occurrence is due."
"launcher","Workspace","Work","5","Action Register","actions_register","action_register","The single enterprise list: issues, decisions, commitments — owner and date on everything."
"launcher","Workspace","Work","6","Issue Reports","issue_reports","issues","Staff report anything blocking the floor - equipment down, short-staffed, out of material, running low - with severity tiers, routing to a department or machine, and resolution tracking."
"launcher","Workspace","Work","7","Dashboard Tasks","v_dashboard_tasks","dashboard_tasks","Every task raised from a dashboard tile, carrying the number that triggered it. Shows who it is assigned to, their department, the KPI and its value at the moment it was raised, the due date and whether it is overdue."
"reports","Cultivation","","14","Underperforming Harvests","v_issue_yield_by_harvest","issue_yield_by_harvest","Every harvest that converted below par with its harvest date, finish date, dry days, days since harvest, plants, wet saleable and waste pounds, conversion against company and industry averages, and what the shortfall cost."
"reports","Cultivation","","15","Drying Room Best vs Worst","v_room_best_vs_worst","room_best_vs_worst","The fix report: for every room, its best month against its worst - conversion, grams per plant, dry days and the spread - with what that gap has cost. If a room already hit a number once, it can hit it again."
"reports","Cultivation","","16","Drying Room by Month","v_room_month_comparison","room_month_comparison","Every room every month: conversion, grams per plant, average dry days, whether it was that room best or worst month, how far from the room average, and what the gap versus its own best cost in pounds and dollars."
"reports","Cultivation","","18","Late Pulls & Dries","v_issue_late","issue_late","Only the schedule violations: what ran late, by how many days, what is wrong and what to do about it."
"reports","Cultivation","","19","Yield Gap","v_issue_yield_gap","issue_yield_gap","Only the months that converted below your own best: how many points below, pounds lost against that benchmark, what it cost, what is wrong and what to do."
"reports","Finance","","11","Unconfirmed Manifests","v_issue_unconfirmed_manifests","issue_unconfirmed_manifests","Only the outbound manifests the receiver never confirmed, oldest first, each with a link to the manifest and what to do."
"reports","Finance","","12","Loss Register","v_issue_real_loss","issue_real_loss","Every genuine loss item on its own line with harvest date, room, days since takedown, pounds, dollars at cost, what is wrong and what to check."
"reports","Inventory","","11","Aging Stock","v_issue_aging","issue_aging","Only the stock that has aged past policy, worst first, with what is wrong and when to act."
"reports","Inventory","","12","Awaiting Allocation","v_issue_no_allocation","issue_no_allocation","Only the material sitting with no approved allocation, longest first, with what is wrong and what to do."
"reports","Metrc","","3","Report: Plant Census","v_metrc_plant_census","metrc_rpt_plants","Live plant counts by room and growth phase per license - the daily census, straight from state data."
"reports","Metrc","","4","Report: Strain Census","v_metrc_strain_census","metrc_rpt_strains","Every strain with veg/flower/hold/inactive splits and room spread."
"reports","Metrc","","5","Report: Package Inventory","v_metrc_package_inventory","metrc_rpt_packages","Active package inventory by item, location, and lab state with quantities - what the state believes you hold."
"reports","Metrc","","6","Report: Lab Testing Status","v_metrc_lab_status","metrc_rpt_lab","Packages grouped by lab testing state per license - what is cleared, pending, or failed."
"reports","Metrc","","7","Report: Transfer Ledger","v_metrc_transfer_ledger","metrc_rpt_transfers","Manifests by month and direction with shipper/recipient counts - the wholesale movement record."
"reports","Metrc","","8","Report: Harvest Yields","mv_harvest_yields","metrc_rpt_yields","One row per harvest with the whole story: strain, room, takedown date, current stage and days there, planned versus actual plants and pounds, percentage of projection and variance, waste and yield percentages, who requested the material and who approved it, how much was allocated and to what, what it was manufactured into, what is still on hand and where it sits, testing outcomes, and what shipped."
"reports","Metrc","","9","Report: Seed to Sale (Strain Chain)","v_metrc_seed_to_sale","metrc_rpt_s2s","Per strain: batch plants planted, live plants now, retired - grows into full tag-to-tag lineage (harvest, package, transfer) as worker v13 links each stage."
"reports","Metrc","","12","Report: Planting History","v_plant_history","plant_history","Planting history by month: how many plants went in, how many strains, which strains, how many are still alive, and how many have been harvested or retired."
"reports","Quality","","3","Deviations & CAPA","custom screen","capa","Holds, root cause, corrective and preventive actions with verification."
"reports","Quality","","3","Failed Testing On Hand","v_issue_failed_testing","issue_failed_testing","Only the packages that failed laboratory testing and are still in inventory, with their value at cost and the disposition decision required."
"reports","Reports","","0","Audit Log","audit_events","audit","Append-only record of every material change."
"reports","Reports","","1","Full Accountability (month by month)","v_full_accountability","full_accountability","The whole flow in one report, month by month: harvests and plants, wet weight, waste and waste percentage, packaged weight, what was produced split into flower, concentrates, vapes and pre-rolls, quantity in stock, in transit, sold or closed, failed testing, anything unaccounted for, manifests shipped and unconfirmed, and a plain verdict on whether it all balances."
"reports","Reports","","4","Request Scorecard","v_request_scorecard","request_scorecard","The honest count: how many requests are done, partly done, in progress, not started, or blocked waiting on the owner."
"reports","Reports","","5","Harvest Exceptions","v_harvest_issues","harvest_issues","Every harvest with a problem, named. Open too long, finished with zero packaged, no plant count, weight that does not reconcile, or conversion outside the 20-25 percent norm. Click any row for the complete raw Metrc record."
"reports","Reports","","6","Harvest Detail","v_harvest_forensic","harvest_forensic","All 153 harvests: strain, drying room, plant count, wet, packaged, waste, what is still sitting in the room, days in process, conversion and the diagnosis."
"reports","Reports","","7","Drying Room Performance","v_dry_room_performance","dry_room_performance","Every drying room: harvests, plants, wet and packaged pounds, what is still sitting, average and worst dry days, how many dried too long or too fast, and conversion."
"reports","Reports","","8","Monthly Meeting Pack","v_cultivation_meeting_pack","cultivation_meeting_pack","The agenda for your monthly cultivation review. Six items, each with the live number, why it matters, the ask, who owns it and the report that proves it."
"reports","Reports","","9","Metrc Glossary & Page Help","page_help","page_help","Plain English explanations of every confusing Metrc term and how to read each page - what it shows, how to read it, and what to watch for."
"side","Command Center","Alerts & Watchdog","8","Intelligence Briefing — full investigation on every finding","v_intelligence_briefing","intelligence_briefing","Every finding from the latest forensic sweep, each answering what it is, where it is, who is accountable, when it started, why it matters, how it was detected, what to do about it, and the arithmetic behind the figure — with the underlying records attached as evidence and a count of how many sweeps it has survived."
"side","Command Center","Assistant","1","Budz Assistant","custom screen","budz","Your artificial intelligence collaboration assistant. Ask Budz anything about the operation in plain English and he answers from the live records - what is late, what is costing money, what failed testing, where anything sits, who needs to approve what - with every answer clickable straight through to the underlying data."
"side","Command Center","Assistant","2","TG Brain","custom screen","brain","The company's brain: every operating record - Metrc, the floor, the sheets, the money - read as one mind. Role personalization is live; the reasoning engine and loop agents arrive in M5."
"side","Command Center","Assistant","3","Planner","custom screen","planner","The operations calendar, already full: harvests, shipments, work orders, expirations, and shifts from live records - month view, day drill-down. External calendar connect arrives with integrations."
"side","Command Center","Assistant","4","Goals & Scorecards","custom screen","goals","Targets that compute themselves from live operations: number, currency, true/false, task and metric targets, rolled up through folders (cycles, OKRs, weekly scorecards), multi-owner, permissioned, deadline-tracked."
"side","Command Center","Dashboard","0","Command Center Dashboard","v_department_dashboard","dept_dash_command","Everything that needs a decision today, on one page: open harvests, stock position, quality exposure, money at risk and what is waiting on a person. Every tile drills into the records behind it."
"side","Command Center","Decisions Waiting","1","Open Questions","v_open_questions","open_questions","Everything the platform needs a human to answer, raised automatically the moment it appears, with what it blocks and how many pounds and dollars ride on it. A question here is a number somewhere that cannot yet be trusted. Rechecked every four hours; answering it closes the question by itself."
"side","Command Center","Decisions Waiting","2","Open Issues — a decision is required","v_open_issues","open_issues","Every open issue the platform has found. None of them clears on its own. An owner or executive must record what is being done — fix, leave, ignore or reset — with a reason, and every decision is kept with who made it and when."
"side","Command Center","Inventory Position","1","Stock On Hand","v_stock_summary","stock_summary","What we are actually sitting on, split by stream. Fresh frozen and dried flower are different products and are never blended. Shows sellable, failed, out-for-testing and untested pounds, and the age of the oldest package."
"side","Command Center","Overview","1","Control Tower","custom screen","tower","Executive exception board — every number computed live."
"side","Command Center","Overview","3","Chief Executive Dashboard","v_ceo_dashboard","ceo_dashboard","The Chief Executive view: money at stake, critical findings, schedule violations, compliance exposure, the cost of waste to date, material without an approved allocation, capital sitting too long, and custody proof - all computed live by the watching agents."
"side","Command Center","Overview","4","Dashboards","custom screen","dashboards","Live dashboards from templates - Executive, Cultivation, Inventory & Sales, HR & Labor - every widget computed from live records. Custom drag-drop builder arrives in M4."
"side","Cultivation","Dashboard","0","Cultivation Dashboard","v_department_dashboard","dept_dash_cultivation","Every cultivation number on one page: open harvests, pounds sitting in the rooms, dry time, conversion and schedule violations. Each tile drills into the records behind it."
"side","Cultivation","Discipline & Alerts","8","Goals & Targets","cultivation_goals","cultivation_goals","Set the target for every cultivation metric. Editable: change the target, the acceptable range and who gets alerted. No code change needed - these are live rows."
"side","Cultivation","Harvests","1","Harvests","harvests","harvests","Harvest events, wet→dry chain, grading, mass balance."
"side","Cultivation","Harvests","6","Mass Ledger — every pound accounted for","v_harvest_mass_ledger","harvest_mass_ledger","Every harvest as a ten line ledger: wet weight in, water evaporated, dry weight available, packaged out, waste, still to package, what Metrc shows, the water not yet entered there, what we have recorded, and whether it reached Metrc. No pound is unexplained."
"side","Cultivation","Harvests","7","Moisture Loss — record it per harvest","v_moisture_loss_register","moisture_loss_register","Every harvest where Metrc still shows weight that has evaporated, with the arithmetic, and a place to record the loss against that harvest — how much, how it was measured, who entered it and the Metrc adjustment reference. Closed harvests first. Entries cannot be deleted."
"side","Cultivation","Harvests","7","Weights & Grading","v_harvest_mass_balance","grading","Reported weights per harvest and cultivar: wet, dry input, Grade A/B/C buds, trim, fresh frozen, extraction-only, samples, waste/destruction - with live mass-balance %, saleable yield %, grade splits, and unaccounted-variance flags. Exact Sheet-34 math."
"side","Cultivation","Rooms & Plants","1","Grow Rooms","grow_rooms","grow_rooms","Every grow room with its canopy square footage, plant capacity and cycle. A room with no square footage is excluded from every yield per square foot figure, so it is flagged here and the measurement can be entered. Yield per square foot is the only fair way to compare one room against another."
"side","Cultivation","Rooms & Plants","2","Room Board (live)","v_room_board","room_board","Every room at a glance: the four flower rooms with live plants, strains and the next scheduled pull, and every drying, curing and trim room with what is in it, the weight on hand, the stage, and the day-14 dry deadline."
"side","Cultivation","Rooms & Plants","3","Facility Live Map","v_facility_live_map","facility_live_map","Where every gram physically sits right now: each drying and curing room, every inventory location, and everything in transit - with weight on hand, how long it has been there, and what is in it."
"side","Cultivation","Rooms & Plants","4","Genetics","cultivars","genetics","Cultivar registry with aliases; scoring once actuals flow."
"side","Cultivation","Rooms & Plants","5","Room Turn Audit — PASS or FAIL on 56 days","v_room_turn_audit","room_turn_audit","Every harvest measured against the 56 day room turn from the TG 2026 8-Week Harvest Calendar, with a plain PASS or FAIL and how many days late or early. Gaps of 54 to 58 days pass, allowing for the Sunday and Monday stagger."
"side","Cultivation","Schedule & Calendar","1","Harvest Schedule","harvest_schedule","harvest_schedule","Complete historical and 2026 harvest calendar from the operations planner - rooms, cultivars, plants, projected weights, fresh-frozen splits, cadence flags."
"side","Cultivation","Schedule & Calendar","2","Harvest Calendar (8-Week)","harvest_pulls","harvest_pulls","2026-2030 strict 8-week cycle: every pull, room rotation F3-F4-F1-F2, dry windows, replant dates."
"side","Cultivation","Schedule & Calendar","2","Plan versus Actual — the 2026 calendar","v_plan_vs_actual_harvest","plan_vs_actual_harvest","All 26 pulls from the TG 2026 Harvest Calendar set against what Metrc actually records: planned date and plants against actual, projected pounds against packaged, and a plain verdict of on plan, early, late or missed."
"side","Cultivation","Schedule & Calendar","3","Harvest Labour Calculator","harvest_labor_calc","harvest_labor","Can the crew take a room down inside the Day 1 clock. Uses the live Metrc count of plants still standing in each room and the pace scenarios from the harvest workbook. Every input and every pace is editable by anyone with permission."
"side","Cultivation","Schedule & Calendar","3","Modify Harvest Schedule","harvest_pulls","harvest_pulls_edit","The master eight-week harvest schedule - change a pull date, room, plant count or projection here and every alert, planner event and compliance measure follows immediately."
"side","Cultivation","Schedule & Calendar","7","Department Board","v_department_board","department_board","Each department and what it owes right now: items needing action, open alerts, live records, what is wrong in plain words, and the next deadline."
"side","Infused Pre-Rolls & Flower","Dashboard","0","Pre-Rolls Dashboard","v_department_dashboard","dept_dash_preroll","Pre-rolls on hand, the shake and trim available to make more, open work orders and anything untested."
"side","Infused Pre-Rolls & Flower","Equipment & Scheduling","1","Machines","machines","machines","The floor registry: real paces, crew limits, rate basis."
"side","Infused Pre-Rolls & Flower","Equipment & Scheduling","2","Scheduling","schedule_assignments","scheduling","Demand-driven boards: quota-capped, crew-pod, pull-budgeted."
"side","Infused Pre-Rolls & Flower","Production","1","Production Schedule","work_order_stages","preroll_schedule","Pre-roll and flower lines: daily targets, crews, machines, quotas — the floor engine."
"side","Infused Pre-Rolls & Flower","Production","2","Work Orders","work_orders","work_orders","Stage-routed production with release gates and actuals."
"side","Infused Pre-Rolls & Flower","Production","3","Weekly Production & Finished Goods","custom screen","weekly_fg","Demand → production → finished goods rolled weekly; shortage and excess alerts that cannot lie."
"side","Inventory","Allocation Control","1","Allocations","allocations","allocations","Material release gate: request → approve → release, netted per lot by the database."
"side","Inventory","Allocation Control","2","Allocation Requests","custom screen","allocation_requests","Request material and approve or deny it: cultivation and production ask, an approver decides with a written reason, and every decision is on the record."
"side","Inventory","Dashboard","0","Inventory Dashboard","v_department_dashboard","dept_dash_inventory","The whole inventory position on one page: total on hand in dry-equivalent, sellable, untested, bought in, ageing and allocations waiting on approval."
"side","Inventory","Purchasing & Third Party","3","Vendors & POs","purchase_orders","purchasing","Suppliers, purchase orders, receiving quality, scorecards."
"side","Inventory","Stock & Location","1","Lots & Tags","lots","lots","Every lot with full Metrc tag, COA link, expiry, location."
"side","Inventory","Stock & Location","1","Proof — every item behind every total","v_stock_proof","stock_proof","The evidence behind every tile. One row per package: tag, product, cultivar, source harvest, cut date, drying room, where it is and for how long, quantity in its own unit, testing status in plain words, dates out and back, days at the laboratory, THC and terpenes or exactly why they are absent, certificate, manifest, traceability, the rate used and the value."
"side","Inventory","Stock & Location","2","Where Is Everything","v_inventory_locator","inventory_locator","Seed to sale, item by item: every plant, harvest lot, package, and outbound manifest - what it is, exactly where it sits in the facility, what stage it is in, how much, and how long it has been there."
"side","Inventory","Stock & Location","4","Finished Goods (Live Sheet)","product_inventory","fg_inventory","The team's live finished-goods sheet, mirrored exactly: all nine product lines with Metrc tags, batches, fill/package counts, cases, expiration, and potency. One button re-syncs from Google Sheets for the whole team."
"side","Inventory","Stock & Location","5","SKUs","skus","skus","Sellable catalog with min/target/max and replenishment triggers."
"side","Inventory","Stock & Location","8","Supplies & Materials","supply_items","supplies","Non-cannabis operating supplies: packaging, consumables, PPE - on-hand levels, reorder points, and vendors, feeding low-stock alerts."
"side","Inventory","Stock & Location","9","Location History — every move with dates","v_location_history","location_history","Every package with the date it entered its current area, which area it came from, the manifest it arrived on, how many days it has been there, the date it left and where it went, and when anything was last recorded against it. Location is never shown without its dates."
"side","Inventory","Stock & Location","9","Sheet versus Metrc — every disagreement","v_sheet_metrc_reconciliation","sheet_vs_metrc","Every row of every imported spreadsheet matched against Metrc package by package. Names what is in the sheet but not in Metrc, what is in Metrc but missing from the sheet, and every quantity that disagrees, with the size of the gap and what it means in plain words. Metrc is the legal record, so the sheet is wrong until proven otherwise."
"side","Inventory","Stock & Location","10","Weight Audit — every unit of measure checked","v_weight_audit","weight_audit","Every unit of measure Metrc sends, whether it is a weight at all, the correct pounds, what a naive grams conversion would have produced, and the error between them. If Metrc ever starts sending kilograms or ounces it appears here rather than silently corrupting a total."
"side","Manufacturing","Costing & Yield","2","Production Cost Calculator","cost_inputs","production_calculator","What a unit costs to make, using the formulas from the manufacturing production worksheet. Every step shows its formula and the workbook cell it came from. Every input is editable by anyone with permission, and every change is kept with who made it and when."
"side","Manufacturing","Dashboard","0","Manufacturing Dashboard","v_department_dashboard","dept_dash_mfg","Inputs and outputs: fresh frozen on hand and its dry-equivalent, purchased material untouched, concentrate and trim."
"side","Manufacturing","Equipment","1","Maintenance & Downtime","custom screen","maintenance","Preventive and corrective work, lost capacity, the constraint of the week."
"side","Manufacturing","Production","1","Production Flow","task_standards","flow","Stage routing and rates: the derating chain from finished goal to daily targets."
"side","Manufacturing","Production","2","Production Pipelines","pipelines","pipelines_def","Every pipeline the company runs - grown, purchased, or manufactured material through stages into finished goods. Editable as data, no code."
"side","Manufacturing","Production","3","Pipeline Runs (Live)","v_pipeline_run_status","pipeline_runs","Every batch moving through a pipeline right now: current stage, hours in stage, overdue flags, total elapsed time to finished goods."
"side","Manufacturing","Production","4","Pipeline Stage Aging","v_pipeline_stage_aging","pipeline_aging","Average and worst dwell time per stage vs target - where production slows down."
"side","Manufacturing","Production","5","Bill of Materials & Yield","custom screen","bom","Recipes, packaging requirements, yield loss, co-products — biomass to finished unit."
"side","Manufacturing","Schedule & Capacity","1","Manufacturing Schedule","work_order_stages","mfg_schedule","Concentrates & vapes: extraction runs, stages, dates, crews, actuals."
"side","Manufacturing","Schedule & Capacity","2","Capacity Plan","custom screen","plan_capacity","Machine and shift capacity math: effective weekly hours and units per line, physical daily ceilings, changeover and OEE - the constraint check for every schedule."
"side","Manufacturing","Turnaround","1","Turnaround Policies","turnaround_policies","turnaround_policies","The turnaround law: maximum days before purchased or manufactured material must reach finished goods - set by default or per SKU, category, item, or brand."
"side","Manufacturing","Turnaround","2","Turnaround Watch","v_turnaround_watch","turnaround_watch","Every open run against its turnaround policy: days open, violations in red, runs with no policy flagged. Money does not sit."
"side","Metrc","Compliance","3","Metrc Corrections — step by step","metrc_corrections","metrc_corrections","Things that are wrong in Metrc itself and must be corrected at source, each with plain step-by-step instructions. None can be closed without recording who fixed it, when, and what was actually done."
"side","Metrc","Dashboard","0","Metrc Dashboard","v_department_dashboard","dept_dash_metrc","Mirror health: harvests, packages, plants and transfers mirrored from Metrc."
"side","Metrc","Live Mirror","1","Metrc","metrc_packages","metrc_mirror","The entire Metrc seed-to-sale platform synced into your own database - every dataset and report the state API allows, full history, every row drillable to the raw payload."
"side","Metrc","Live Mirror","2","Metrc Cultivation","custom screen","metrc_mc","The cultivation license only: plants, harvests, plant batches, packages, and transfers."
"side","Metrc","Live Mirror","3","Metrc Manufacturing","custom screen","metrc_mp","The manufacturing license only: packages, transfers, items, and lab states."
"side","Metrc","Live Mirror","4","Forensic Trace","custom screen","forensic_trace","One search box for the whole company: type any tag, strain, harvest, item, room, manifest, or customer and get the complete seed to sale chain - plants, takedown, waste, packages, laboratory results, manifests with links, and allocation decisions, in date order."
"side","Metrc","Live Mirror","5","Package Forensic Record","v_package_forensic","package_forensic","Every package with every identifier, every date and every room: Metrc package and item identifiers, strain and strain identifier, source harvest and production batch, the date it was cut, the room it dried in, plants in that harvest, wet waste and packaged weights, quantity created received and remaining, every date from creation through testing to last change, who made it, which licence, which manifest it arrived on, where it sits now, and its hold, recall and remediation flags."
"side","Metrc","Report Import","1","Report Import","custom screen","metrc_report_import","Pull Metrc data straight from its Reports: download any report or Admin-grid CSV from Metrc, drop it here, and it lands in the OS - items, strains, and locations included."
"side","Metrc","Report Import","2","Imported Report Rows","metrc_report_rows","metrc_report_rows","Every row from every imported Metrc report - click any row for the complete record."
"side","Quality","Compliance","1","Licenses","licenses","licenses","License register with renewal countdowns and evidence."
"side","Quality","Compliance","2","SOP & Training","custom screen","sop_training","SOP versions, role qualification, competency evidence, retraining alerts."
"side","Quality","Compliance","3","Safety & Incidents","custom screen","safety","Safety, security, and operational incidents with investigations and CAPA links."
"side","Quality","Dashboard","0","Quality Dashboard","v_department_dashboard","dept_dash_quality","Testing at a glance: failed on hand, our own fail rate, out for testing, laboratory turnaround and open compliance flags."
"side","Quality","Testing","1","Testing & Certificates of Analysis","test_requests","testing","COA registry and calendar; nothing ships without a passing COA."
"side","Quality","Testing","2","Certificate of Analysis Register","v_coa_register","coa_register","Every package with its Certificate of Analysis status: tests recorded, tests failed, potency headline, testing date, laboratory, a link to the Certificate of Analysis document, and whether it is sellable."
"side","Quality","Testing","7","Laboratory Turnaround — every return recorded","v_lab_turnaround_report","lab_turnaround_report","Every sample sent to the laboratory, kept permanently: when it went out, when it came back, days there, by month and category, with the percentage over the 3 day limit set from our own measured performance."
"side","Settings","Artificial Intelligence","1","Assistant","custom screen","assistant_settings","Upload the assistant picture and set its name. Any transparent PNG or animated GIF works. Renaming here renames it across the whole platform including the menu."
"side","Settings","Artificial Intelligence","2","Artificial Intelligence Settings","ai_settings","ai_settings","Company-wide artificial intelligence controls: tokenless company allowance or bring-your-own-key, default limits for everyone, the model used, and a hard monthly cost cap."
"side","Settings","Artificial Intelligence","3","Artificial Intelligence Access","ai_user_access","ai_user_access","Who may use artificial intelligence features and how much: enable each person, set their daily and monthly call limits, and choose which features they may use."
"side","Settings","Artificial Intelligence","4","Who Pays for AI","v_ai_access_status","ai_access_status","Per person: whether their questions are billed to the company, to their own key, or run on their own machine for nothing. Keys are stored server side and can never be read back."
"side","Settings","Artificial Intelligence","5","Artificial Intelligence Usage","v_ai_usage_summary","ai_usage","What artificial intelligence is costing: calls today, calls this month, and cost per person against their limits."
"side","Settings","Artificial Intelligence","6","AI Spend","v_ai_spend","ai_spend","Every artificial intelligence call, what it cost, and how many were answered free by the database instead of the paid model. Rates are editable in AI Settings so the figures are never wrong."
"side","Settings","Business Rules","1","Storage & Allocation Limits","storage_limits","storage_limits","Owner-set ceilings: how many pounds may be held per stream and how long material may sit. Editable rows, no code change needed."
"side","Settings","Business Rules","2","Conversion Factors","conversion_factors","conversion_factors","Every factor the platform calculates with - the fresh frozen wet-to-dry ratio, the dry window, cost per pound, expected moisture range. Editable rows. Change one and every figure that depends on it recalculates."
"side","Settings","Business Rules","3","Suppliers & Costs","v_supplier_costs","suppliers","Supplier comparison computed live from purchase history: average and best landed cost per unit by material, BEST COST flags, terms, last purchase - who to buy from and why."
"side","Settings","Business Rules","4","Purchase Intent by Supplier","purchase_intent","purchase_intent","What each supplier sends us: sound material, failed material bought deliberately for remediation, or biomass for extraction. Until this is set the platform cannot tell a supplier problem from a deliberate purchase, and will not call either one a loss."
"side","Settings","Business Rules","5","Industry Benchmarks","industry_benchmarks","industry_benchmarks","The industry bands every yield and cost figure is measured against - poor, average, good and best in class. Edit these and every comparison in the platform updates."
"side","Settings","Connections","1","Integrations","custom screen","integrations","Credential vault and sync control — Metrc first."
"side","Settings","Connections","2","Keys & Connections","v_secret_status","app_secrets","Paste service keys here. Values are stored server side and can never be read back into a browser - this page only shows whether a key is set."
"side","Settings","Dashboard","0","Settings Dashboard","v_department_dashboard","dept_dash_settings","Platform health: pages live, business rules still on defaults, suppliers not yet classified and who has artificial intelligence access."
"side","Settings","Data & Imports","23","Sheet Sync — restricted sheets","sheet_sources","sheet_sync","Brings in a Google Sheet that cannot be shared or scripted because of policy. Nothing reaches into the sheet and nobody is given access to it — the rows are pasted or uploaded from this side, and the platform reports what changed since last time and warns when the data has gone stale."
"side","Settings","General","1","General","custom screen","settings","Your account preferences — theme, and more to come."
"side","Settings","General","2","Users & Permissions","custom screen","permissions","Granular access control: per-module, per-action permissions on top of roles - lock any screen, field, or action down per user or group."
"side","Settings","General","3","Menu Visibility by Role","v_role_menu_matrix","role_menu_matrix","Which menu items each role can see: owner, executive, manager, member, limited and guest. Anything not visible to a role is hidden from that person entirely, not greyed out."
"side","Settings","General","4","Menu Manager","custom screen","menu_manager","Admin control: show, hide, or deactivate any menu item for all users — instantly, no code."
"side","Settings","General","5","Help & Support","custom screen","help","How everything works, who to call, and where the answers live."
"side","Settings","Money & Costs","22","Valuation Rates — what a pound is worth","valuation_rates","valuation_rates","The dollars-per-pound rate behind every money figure on the platform, per stream, with who set it, when, and on what basis. Permissioned users edit the rate here and add per-batch or per-package overrides when a specific lot is worth more or less."
"side","Settings","Money & Costs","24","Where every money figure comes from","v_money_provenance","money_provenance","Every dollar column on the platform, the rate table that produces it, and a plain verdict on whether it can be explained. Anything marked not traced is a figure nobody can currently prove."
"side","Settings","Money & Costs","25","Business Rules — the numbers everything depends on","conversion_factors","business_rules","Every threshold and ratio the platform judges the business by, in one place: the dry window, the ageing limit, how long a harvest may stay open, the fresh frozen ratio, the laboratory turnaround. Each shows how many places use it, who set it and whether it is still an unconfirmed default."
"side","Settings","Money & Costs","26","Our Licences","company_licenses","company_licenses","The licences that mean a package is ours rather than a third party's. Everything that separates our own failures from a supplier's reads this list, so adding a licence here corrects the whole platform at once."
"side","Settings","Programme","1","Agent Departments","agent_departments","agent_departments","The build org: 12 standing agent departments under the acting COO - charters, ownership, and standing priorities."
"side","Settings","Programme","2","Go-Live Tracker","golive_items","golive","Live to-do list before testing deploy and go-live: every open build, data, integration, and hardening item."
"tax","Finance","Tax","1","Tax: Year End Inventory 2025","v_year_end_2025","year_end_2025","A RECONSTRUCTION, NOT A SNAPSHOT. Metrc exposes no historical point in time through its interface, so this rebuilds 31 December 2025 from the quantity each package was created with. Most rows carry no quantity and no category, so the total is a fraction of the real closing inventory and cannot be filed. Export the Inventory Point-in-Time report from Metrc for that date and import it on the Report Import page."
"tax","Finance","Tax","2","Tax: Year End Summary 2025","v_year_end_2025_summary","year_end_2025_summary","A RECONSTRUCTION, NOT A SNAPSHOT. Metrc exposes no historical point in time through its interface, so this rebuilds 31 December 2025 from the quantity each package was created with. Most rows carry no quantity and no category, so the total is a fraction of the real closing inventory and cannot be filed. Export the Inventory Point-in-Time report from Metrc for that date and import it on the Report Import page."
"tax","Finance","Tax","3","Tax: Current Inventory Valuation","v_inventory_valuation","inventory_valuation","What the inventory on hand is worth today at cost, by item, using the cost model."
"tax","Finance","Tax","4","Tax: Year End 2025 — what can actually be established","v_year_end_2025_coverage","year_end_coverage","How much of the 31 December 2025 closing inventory could actually be established from Metrc, and how much could not. Read this before relying on any year end figure."
